Storm#,Start,End,duration(hrs),sep from,LBJ Q %,LBJ SSC %,LBJ SSC source,LBJ SSC grab #,QUARRY SSC %,QUARRY SSC source,QUARRY SSC grab #,DAM Q %,DAM SSC %,DAM SSC source,DAM SSC grab #
0,2012-01-08 10:45:00,2012-01-09 00:00:00,13.25,LBJ PT,100.0,0.0,,0,0.0,,0,0.0,0.0,,0
1,2012-01-09 17:30:00,2012-01-09 23:15:00,5.75,LBJ PT,100.0,0.0,,0,0.0,,0,0.0,0.0,,0
2,2012-01-18 14:00:00,2012-01-19 09:30:00,19.5,LBJ PT,100.0,0.0,,2,100.0,Grab Int.,37,100.0,100.0,Turb.,1
3,2012-01-19 13:45:00,2012-01-20 01:15:00,11.5,LBJ PT,100.0,100.0,Grab Int.,3,100.0,Grab Int.,20,100.0,100.0,Turb.,1
4,2012-01-25 03:30:00,2012-01-26 00:00:00,20.5,LBJ PT,100.0,0.0,,6,0.0,,37,100.0,100.0,Turb.,5
5,2012-01-31 23:00:00,2012-02-01 14:45:00,15.75,LBJ PT,100.0,100.0,Turb.,2,0.0,,1,100.0,100.0,Turb.,0
6,2012-02-01 20:45:00,2012-02-02 05:30:00,8.75,LBJ PT,100.0,100.0,Turb.,0,0.0,,0,100.0,100.0,Turb.,0
7,2012-02-02 05:45:00,2012-02-02 20:30:00,14.75,LBJ PT,100.0,100.0,Turb.,1,0.0,,0,100.0,100.0,Turb.,0
8,2012-02-03 08:00:00,2012-02-04 02:15:00,18.25,LBJ PT,100.0,100.0,Turb.,10,0.0,,30,100.0,100.0,Turb.,1
9,2012-02-04 19:00:00,2012-02-04 23:00:00,4.0,LBJ PT,100.0,100.0,Turb.,0,0.0,,0,100.0,100.0,Turb.,0
10,2012-02-05 06:00:00,2012-02-05 19:45:00,13.75,LBJ PT,100.0,100.0,Turb.,0,0.0,,0,100.0,100.0,Turb.,0
11,2012-02-05 23:15:00,2012-02-06 09:30:00,10.25,LBJ PT,100.0,100.0,Turb.,0,0.0,,0,100.0,100.0,Turb.,0
12,2012-02-06 10:45:00,2012-02-07 00:15:00,13.5,LBJ PT,100.0,100.0,Turb.,10,0.0,,4,100.0,100.0,Turb.,1
13,2012-02-07 00:30:00,2012-02-07 03:00:00,2.5,LBJ PT,100.0,100.0,Turb.,0,0.0,,0,100.0,100.0,Turb.,0
14,2012-02-07 06:45:00,2012-02-07 12:30:00,5.75,LBJ PT,100.0,100.0,Turb.,2,0.0,,0,100.0,100.0,Turb.,0
15,2012-02-13 22:00:00,2012-02-14 02:30:00,4.5,LBJ PT,100.0,100.0,Turb.,0,0.0,,0,100.0,100.0,Turb.,0
16,2012-02-23 19:30:00,2012-02-24 14:00:00,18.5,LBJ PT,100.0,0.0,,0,0.0,,0,100.0,100.0,Turb.,0
17,2012-03-05 14:45:00,2012-03-05 22:00:00,7.25,LBJ PT,100.0,100.0,Turb.,8,100.0,Grab Int.,4,100.0,100.0,Turb.,3
18,2012-03-06 12:15:00,2012-03-07 09:30:00,21.25,LBJ PT,0.0,100.0,Turb.,0,0.0,,0,0.0,100.0,Turb.,0
19,2012-03-08 16:30:00,2012-03-09 01:45:00,9.25,LBJ PT,100.0,100.0,Turb.,0,0.0,,0,100.0,100.0,Turb.,0
20,2012-03-09 05:45:00,2012-03-09 21:00:00,15.25,LBJ PT,100.0,100.0,Turb.,0,0.0,,0,100.0,100.0,Turb.,0
21,2012-03-15 20:15:00,2012-03-16 06:45:00,10.5,LBJ PT,100.0,100.0,Turb.,0,0.0,,0,100.0,100.0,Turb.,0
22,2012-03-16 08:15:00,2012-03-17 02:30:00,18.25,LBJ PT,100.0,100.0,Turb.,0,0.0,,0,100.0,100.0,Turb.,0
23,2012-03-17 11:00:00,2012-03-18 07:30:00,20.5,LBJ PT,100.0,100.0,Turb.,0,0.0,,0,100.0,100.0,Turb.,0
24,2012-03-20 03:00:00,2012-03-20 12:45:00,9.75,LBJ PT,100.0,100.0,Turb.,0,0.0,,0,100.0,100.0,Turb.,0
25,2012-03-21 18:45:00,2012-03-22 17:30:00,22.75,LBJ PT,100.0,100.0,Turb.,0,0.0,,0,100.0,100.0,Turb.,0
26,2012-03-22 22:00:00,2012-03-23 17:30:00,19.5,LBJ PT,100.0,100.0,Turb.,0,0.0,,0,100.0,100.0,Turb.,0
27,2012-03-23 22:00:00,2012-03-24 09:15:00,11.25,LBJ PT,100.0,0.0,,0,0.0,,0,100.0,100.0,Turb.,0
28,2012-03-24 17:00:00,2012-03-25 01:45:00,8.75,LBJ PT,100.0,100.0,Turb.,0,0.0,,0,100.0,100.0,Turb.,0
29,2012-03-25 03:45:00,2012-03-26 11:45:00,32.0,LBJ PT,100.0,100.0,Turb.,0,0.0,,0,100.0,100.0,Turb.,0
30,2012-03-31 14:15:00,2012-03-31 22:45:00,8.5,LBJ PT,100.0,100.0,Turb.,0,0.0,,0,100.0,100.0,Turb.,0
31,2012-04-03 01:15:00,2012-04-03 07:00:00,5.75,LBJ PT,100.0,0.0,,0,0.0,,0,100.0,100.0,Turb.,0
32,2012-05-02 15:00:00,2012-05-03 00:00:00,9.0,LBJ PT,100.0,0.0,,0,0.0,,0,100.0,100.0,Turb.,0
33,2012-05-07 12:30:00,2012-05-07 21:00:00,8.5,LBJ PT,100.0,100.0,Turb.,0,0.0,,0,100.0,100.0,Turb.,0
34,2012-05-08 04:45:00,2012-05-08 16:30:00,11.75,LBJ PT,100.0,100.0,Turb.,0,0.0,,0,100.0,100.0,Turb.,0
35,2012-05-10 19:00:00,2012-05-11 09:30:00,14.5,LBJ PT,0.0,100.0,Turb.,0,0.0,,0,0.0,100.0,Turb.,0
36,2012-05-20 02:30:00,2012-05-20 07:30:00,5.0,LBJ PT,100.0,100.0,Turb.,0,0.0,,0,100.0,100.0,Turb.,0
37,2012-05-22 10:30:00,2012-05-23 06:00:00,19.5,LBJ PT,100.0,0.0,,0,0.0,,0,100.0,100.0,Turb.,0
38,2012-05-23 08:00:00,2012-05-24 15:00:00,31.0,LBJ PT,100.0,0.0,,1,0.0,,0,100.0,100.0,Turb.,0
39,2012-05-24 19:00:00,2012-05-25 17:45:00,22.75,LBJ PT,100.0,0.0,,0,0.0,,0,100.0,100.0,Turb.,0
40,2012-05-25 19:15:00,2012-05-25 20:45:00,1.5,LBJ PT,100.0,0.0,,0,0.0,,0,100.0,100.0,Turb.,0
41,2012-05-26 01:45:00,2012-05-27 06:00:00,28.25,LBJ PT,100.0,0.0,,0,0.0,,0,100.0,100.0,Turb.,0
42,2012-06-02 13:30:00,2012-06-03 00:00:00,10.5,LBJ PT,100.0,0.0,,0,0.0,,0,100.0,100.0,Turb.,0
43,2012-06-03 07:45:00,2012-06-03 21:15:00,13.5,LBJ PT,100.0,0.0,,0,0.0,,0,100.0,100.0,Turb.,0
44,2012-06-04 00:15:00,2012-06-04 15:15:00,15.0,LBJ PT,0.0,0.0,,0,0.0,,0,0.0,100.0,Turb.,0
45,2012-06-04 15:45:00,2012-06-05 05:45:00,14.0,LBJ PT,100.0,0.0,,0,0.0,,0,100.0,100.0,Turb.,0
46,2012-06-05 09:15:00,2012-06-05 21:30:00,12.25,LBJ PT,100.0,0.0,,0,0.0,,0,100.0,100.0,Turb.,0
47,2012-06-06 21:30:00,2012-06-07 03:30:00,6.0,LBJ PT,100.0,0.0,,0,0.0,,0,100.0,100.0,Turb.,0
48,2012-06-07 08:00:00,2012-06-07 23:45:00,15.75,LBJ PT,100.0,0.0,,0,0.0,,0,100.0,100.0,Turb.,0
49,2012-07-08 01:00:00,2012-07-08 09:30:00,8.5,LBJ PT,100.0,0.0,,0,0.0,,0,100.0,0.0,,0
50,2012-07-08 10:15:00,2012-07-08 23:30:00,13.25,LBJ PT,100.0,0.0,,0,0.0,,0,100.0,0.0,,0
51,2012-07-26 22:00:00,2012-07-27 10:30:00,12.5,LBJ PT,100.0,0.0,,0,0.0,,0,100.0,0.0,,0
52,2012-07-27 18:45:00,2012-07-28 06:15:00,11.5,LBJ PT,100.0,0.0,,0,0.0,,0,100.0,0.0,,0
53,2012-08-07 09:00:00,2012-08-07 13:15:00,4.25,LBJ PT,100.0,0.0,,0,0.0,,0,100.0,0.0,,0
54,2012-08-08 20:45:00,2012-08-09 12:30:00,15.75,LBJ PT,100.0,0.0,,0,0.0,,0,100.0,0.0,,0
55,2012-08-24 08:45:00,2012-08-25 01:00:00,16.25,LBJ PT,100.0,0.0,,0,0.0,,0,0.0,0.0,,0
56,2012-09-01 07:45:00,2012-09-03 06:30:00,46.75,LBJ PT,100.0,0.0,,0,0.0,,0,0.0,0.0,,0
57,2012-09-16 05:30:00,2012-09-16 14:00:00,8.5,LBJ PT,100.0,0.0,,0,0.0,,0,0.0,0.0,,0
58,2012-09-21 21:30:00,2012-09-22 06:00:00,8.5,LBJ PT,100.0,0.0,,0,0.0,,0,0.0,0.0,,0
59,2012-09-29 02:15:00,2012-09-29 12:15:00,10.0,LBJ PT,100.0,0.0,,0,0.0,,0,0.0,0.0,,0
60,2012-10-08 04:30:00,2012-10-08 17:15:00,12.75,LBJ PT,100.0,0.0,,0,0.0,,0,0.0,0.0,,0
61,2012-10-09 05:00:00,2012-10-09 18:30:00,13.5,LBJ PT,100.0,0.0,,0,0.0,,0,0.0,0.0,,0
62,2013-02-11 14:30:00,2013-02-12 20:00:00,29.5,LBJ PT,0.0,0.0,,0,0.0,,0,0.0,0.0,,0
63,2013-02-16 06:15:00,2013-02-16 12:15:00,6.0,LBJ PT,100.0,0.0,,0,0.0,,0,0.0,0.0,,0
64,2013-02-19 19:00:00,2013-02-20 06:45:00,11.75,LBJ PT,100.0,0.0,,0,0.0,,0,0.0,0.0,,0
65,2013-02-27 11:00:00,2013-02-27 14:30:00,3.5,LBJ PT,100.0,0.0,,2,0.0,,0,100.0,0.0,,0
66,2013-03-03 18:45:00,2013-03-03 23:30:00,4.75,LBJ PT,100.0,0.0,,0,0.0,,0,100.0,0.0,,0
67,2013-03-05 05:15:00,2013-03-05 08:15:00,3.0,LBJ PT,100.0,0.0,,0,0.0,,0,100.0,0.0,,0
68,2013-03-05 18:15:00,2013-03-06 06:45:00,12.5,LBJ PT,100.0,0.0,,2,0.0,,1,100.0,0.0,,0
69,2013-03-06 08:15:00,2013-03-07 08:15:00,24.0,LBJ PT,100.0,0.0,,8,0.0,,7,100.0,0.0,,5
70,2013-03-07 10:15:00,2013-03-07 13:15:00,3.0,LBJ PT,100.0,0.0,,0,0.0,,0,100.0,0.0,,0
71,2013-03-07 14:30:00,2013-03-09 04:15:00,37.75,LBJ PT,100.0,100.0,Grab Int.,3,0.0,,2,0.0,0.0,,3
72,2013-03-10 15:45:00,2013-03-10 19:00:00,3.25,LBJ PT,100.0,0.0,,0,0.0,,0,100.0,0.0,,0
73,2013-03-11 01:00:00,2013-03-12 00:45:00,23.75,LBJ PT,100.0,100.0,Turb.,2,0.0,,0,100.0,0.0,,0
74,2013-03-21 12:30:00,2013-03-21 21:00:00,8.5,LBJ PT,100.0,100.0,Turb.,2,0.0,,1,100.0,0.0,,1
75,2013-03-23 11:00:00,2013-03-23 20:00:00,9.0,LBJ PT,100.0,100.0,Turb.,3,100.0,Grab Int.,3,100.0,0.0,,2
76,2013-03-26 16:00:00,2013-03-26 19:15:00,3.25,LBJ PT,100.0,100.0,Turb.,4,100.0,Grab Int.,3,100.0,0.0,,2
77,2013-04-11 21:15:00,2013-04-11 23:30:00,2.25,LBJ PT,100.0,0.0,,0,0.0,,0,100.0,0.0,,0
78,2013-04-16 09:15:00,2013-04-16 23:45:00,14.5,LBJ PT,100.0,100.0,Grab Int.,5,100.0,Grab Int.,5,100.0,100.0,Grab Int.,4
79,2013-04-17 00:15:00,2013-04-17 22:45:00,22.5,LBJ PT,100.0,0.0,,2,0.0,,1,100.0,0.0,,1
80,2013-04-18 00:45:00,2013-04-18 08:15:00,7.5,LBJ PT,100.0,0.0,,0,0.0,,0,100.0,0.0,,0
81,2013-04-18 15:15:00,2013-04-18 18:45:00,3.5,LBJ PT,100.0,0.0,,2,0.0,,1,100.0,0.0,,1
82,2013-04-18 19:30:00,2013-04-19 02:15:00,6.75,LBJ PT,100.0,0.0,,0,0.0,,0,100.0,0.0,,0
83,2013-04-20 03:15:00,2013-04-21 01:15:00,22.0,LBJ PT,100.0,0.0,,0,0.0,,0,100.0,0.0,,0
84,2013-04-23 11:00:00,2013-04-24 16:30:00,29.5,LBJ PT,100.0,100.0,Grab Int.,8,100.0,Grab Int.,6,100.0,100.0,Grab Int.,4
85,2013-04-28 10:15:00,2013-04-28 17:45:00,7.5,LBJ PT,100.0,0.0,,0,0.0,,0,100.0,0.0,,0
86,2013-04-28 20:30:00,2013-04-29 08:45:00,12.25,LBJ PT,100.0,0.0,,0,0.0,,0,100.0,0.0,,0
87,2013-04-30 14:45:00,2013-05-01 23:15:00,32.5,LBJ PT,100.0,100.0,Grab Int.,6,0.0,,4,100.0,0.0,,4
88,2013-05-11 14:30:00,2013-05-12 00:00:00,9.5,LBJ PT,100.0,100.0,Turb.,0,0.0,,0,100.0,0.0,,0
89,2013-05-30 02:45:00,2013-05-30 08:30:00,5.75,LBJ PT,100.0,100.0,Turb.,0,0.0,,0,100.0,0.0,,0
90,2013-06-05 01:00:00,2013-06-06 12:45:00,35.75,LBJ PT,100.0,100.0,Grab Int.,5,100.0,Grab Int.,5,100.0,0.0,,3
91,2013-06-09 08:45:00,2013-06-09 16:15:00,7.5,LBJ PT,100.0,0.0,,0,0.0,,0,100.0,0.0,,0
92,2013-06-16 03:00:00,2013-06-16 15:45:00,12.75,LBJ PT,100.0,0.0,,0,0.0,,0,100.0,100.0,Turb.,0
93,2013-06-24 01:00:00,2013-06-24 17:30:00,16.5,LBJ PT,100.0,100.0,Turb.,1,0.0,,2,100.0,100.0,Turb.,0
94,2013-06-25 07:45:00,2013-06-25 23:30:00,15.75,LBJ PT,0.0,100.0,Turb.,2,0.0,,1,100.0,100.0,Turb.,0
95,2013-07-02 06:30:00,2013-07-02 16:45:00,10.25,LBJ PT,100.0,100.0,Turb.,0,0.0,,0,100.0,100.0,Turb.,0
96,2013-07-13 10:45:00,2013-07-14 03:30:00,16.75,LBJ PT,100.0,0.0,,0,0.0,,0,100.0,100.0,Turb.,0
97,2013-07-15 21:15:00,2013-07-16 06:30:00,9.25,LBJ PT,100.0,0.0,,0,0.0,,0,100.0,100.0,Turb.,0
98,2013-07-16 23:15:00,2013-07-17 13:30:00,14.25,LBJ PT,100.0,0.0,,0,0.0,,0,100.0,100.0,Turb.,0
99,2013-07-17 21:45:00,2013-07-18 19:15:00,21.5,LBJ PT,100.0,0.0,,0,0.0,,0,100.0,100.0,Turb.,0
100,2013-07-19 00:15:00,2013-07-20 02:45:00,26.5,LBJ PT,100.0,0.0,,0,0.0,,0,100.0,100.0,Turb.,0
101,2013-07-20 03:45:00,2013-07-21 03:15:00,23.5,LBJ PT,100.0,0.0,,0,0.0,,0,100.0,100.0,Turb.,0
102,2013-07-24 08:15:00,2013-07-24 16:30:00,8.25,LBJ PT,100.0,0.0,,0,0.0,,0,100.0,100.0,Turb.,0
103,2013-07-27 22:00:00,2013-07-28 12:00:00,14.0,LBJ PT,100.0,0.0,,0,0.0,,0,100.0,100.0,Turb.,0
104,2013-08-03 14:30:00,2013-08-04 00:00:00,9.5,LBJ PT,100.0,0.0,,0,0.0,,0,100.0,100.0,Turb.,0
105,2013-08-05 19:00:00,2013-08-06 18:00:00,23.0,LBJ PT,100.0,0.0,,0,0.0,,0,100.0,100.0,Turb.,0
106,2013-08-09 20:30:00,2013-08-11 08:15:00,35.75,LBJ PT,100.0,0.0,,0,0.0,,0,100.0,100.0,Turb.,0
107,2013-08-15 19:00:00,2013-08-16 01:45:00,6.75,LBJ PT,100.0,0.0,,0,0.0,,0,100.0,100.0,Turb.,0
108,2013-08-16 06:15:00,2013-08-17 04:00:00,21.75,LBJ PT,100.0,0.0,,0,0.0,,0,100.0,100.0,Turb.,0
109,2013-08-17 04:15:00,2013-08-17 06:00:00,1.75,LBJ PT,100.0,0.0,,0,0.0,,0,100.0,100.0,Turb.,0
110,2013-08-17 11:00:00,2013-08-18 16:15:00,29.25,LBJ PT,100.0,0.0,,0,0.0,,0,100.0,100.0,Turb.,0
111,2013-08-18 23:45:00,2013-08-19 03:45:00,4.0,LBJ PT,100.0,0.0,,0,0.0,,0,100.0,100.0,Turb.,0
112,2013-08-19 07:00:00,2013-08-19 23:30:00,16.5,LBJ PT,100.0,0.0,,0,0.0,,0,100.0,100.0,Turb.,0
113,2013-08-21 03:30:00,2013-08-21 09:00:00,5.5,LBJ PT,100.0,0.0,,0,0.0,,0,100.0,100.0,Turb.,0
114,2013-08-26 03:30:00,2013-08-26 12:30:00,9.0,LBJ PT,100.0,0.0,,0,0.0,,0,100.0,100.0,Turb.,0
115,2013-09-01 04:30:00,2013-09-01 17:45:00,13.25,LBJ PT,100.0,0.0,,0,0.0,,0,100.0,100.0,Turb.,0
116,2013-09-01 20:30:00,2013-09-02 06:00:00,9.5,LBJ PT,100.0,0.0,,0,0.0,,0,100.0,100.0,Turb.,0
117,2013-09-07 07:30:00,2013-09-07 19:30:00,12.0,LBJ PT,100.0,0.0,,0,0.0,,0,100.0,100.0,Turb.,0
118,2013-09-08 17:30:00,2013-09-09 04:45:00,11.25,LBJ PT,100.0,0.0,,0,0.0,,0,100.0,100.0,Turb.,0
119,2013-09-18 19:30:00,2013-09-19 07:00:00,11.5,LBJ PT,100.0,0.0,,0,0.0,,0,100.0,100.0,Turb.,0
120,2013-09-21 11:30:00,2013-09-21 23:15:00,11.75,LBJ PT,100.0,0.0,,0,0.0,,0,100.0,100.0,Turb.,0
121,2013-10-10 14:00:00,2013-10-11 02:15:00,12.25,DAM PT,0.0,0.0,,0,0.0,,0,100.0,0.0,,0
122,2013-10-15 13:45:00,2013-10-15 20:15:00,6.5,DAM PT,0.0,0.0,,0,0.0,,0,100.0,0.0,,0
123,2013-10-19 10:15:00,2013-10-19 21:00:00,10.75,DAM PT,0.0,0.0,,0,0.0,,0,100.0,0.0,,0
124,2013-10-19 23:30:00,2013-10-20 09:00:00,9.5,DAM PT,0.0,0.0,,0,0.0,,0,100.0,0.0,,0
125,2013-10-31 05:30:00,2013-10-31 15:30:00,10.0,DAM PT,0.0,0.0,,0,0.0,,0,100.0,0.0,,0
126,2013-11-13 06:45:00,2013-11-13 21:00:00,14.25,DAM PT,0.0,0.0,,0,0.0,,0,100.0,0.0,,0
127,2013-11-24 16:00:00,2013-11-25 02:15:00,10.25,DAM PT,0.0,0.0,,0,0.0,,0,100.0,0.0,,0
128,2013-12-09 00:30:00,2013-12-09 15:45:00,15.25,DAM PT,0.0,0.0,,0,0.0,,0,100.0,0.0,,0
129,2013-12-11 00:45:00,2013-12-11 14:00:00,13.25,DAM PT,0.0,0.0,,0,0.0,,0,100.0,0.0,,0
130,2013-12-13 16:00:00,2013-12-13 21:30:00,5.5,DAM PT,0.0,0.0,,0,0.0,,0,100.0,0.0,,0
131,2014-01-01 00:45:00,2014-01-01 18:30:00,17.75,DAM PT,0.0,0.0,,0,0.0,,0,100.0,0.0,,0
132,2014-01-02 08:45:00,2014-01-02 23:00:00,14.25,DAM PT,0.0,0.0,,0,0.0,,0,100.0,0.0,,0
133,2014-01-03 18:30:00,2014-01-04 08:00:00,13.5,DAM PT,0.0,0.0,,0,0.0,,0,100.0,0.0,,0
134,2014-01-04 22:30:00,2014-01-05 05:00:00,6.5,DAM PT,0.0,0.0,,0,0.0,,0,100.0,0.0,,0
135,2014-01-06 07:15:00,2014-01-06 19:00:00,11.75,DAM PT,0.0,0.0,,0,0.0,,0,100.0,0.0,,0
136,2014-01-07 17:00:00,2014-01-08 02:15:00,9.25,DAM PT,0.0,0.0,,0,0.0,,0,100.0,0.0,,0
137,2014-01-08 08:45:00,2014-01-08 15:45:00,7.0,DAM PT,0.0,0.0,,0,0.0,,0,100.0,0.0,,0
138,2014-01-08 18:00:00,2014-01-09 02:00:00,8.0,DAM PT,0.0,0.0,,0,0.0,,0,100.0,0.0,,0
139,2014-01-09 02:30:00,2014-01-09 15:45:00,13.25,DAM PT,0.0,0.0,,0,0.0,,0,100.0,0.0,,0
140,2014-01-24 22:30:00,2014-01-25 07:00:00,8.5,DAM PT,0.0,0.0,,0,100.0,Grab Int.,26,100.0,100.0,Turb.,0
141,2014-01-26 09:30:00,2014-01-26 19:30:00,10.0,DAM PT,0.0,0.0,,0,0.0,,0,100.0,100.0,Turb.,0
142,2014-02-09 06:00:00,2014-02-09 20:45:00,14.75,DAM PT,0.0,0.0,,0,0.0,,4,100.0,100.0,Turb.,0
143,2014-02-14 08:45:00,2014-02-14 23:45:00,15.0,LBJ PT,100.0,100.0,Turb.,1,100.0,Grab Int.,14,100.0,100.0,Turb.,0
144,2014-02-15 09:15:00,2014-02-15 19:15:00,10.0,LBJ PT,100.0,100.0,Turb.,0,0.0,,0,100.0,100.0,Turb.,0
145,2014-02-16 08:45:00,2014-02-16 16:00:00,7.25,LBJ PT,100.0,100.0,Turb.,0,0.0,,0,100.0,100.0,Turb.,0
146,2014-02-18 18:15:00,2014-02-19 03:00:00,8.75,LBJ PT,100.0,100.0,Turb.,2,0.0,,1,100.0,100.0,Turb.,0
147,2014-02-20 04:00:00,2014-02-20 23:15:00,19.25,LBJ PT,100.0,100.0,Turb.,1,100.0,Grab Int.,12,100.0,100.0,Turb.,0
148,2014-02-21 07:45:00,2014-02-22 05:45:00,22.0,LBJ PT,100.0,100.0,Turb.,9,100.0,Grab Int.,36,100.0,100.0,Turb.,1
149,2014-02-24 05:00:00,2014-02-24 11:45:00,6.75,LBJ PT,100.0,100.0,Turb.,0,0.0,,0,100.0,100.0,Turb.,0
150,2014-02-24 15:00:00,2014-02-24 19:45:00,4.75,LBJ PT,100.0,100.0,Turb.,0,0.0,,0,100.0,100.0,Turb.,0
151,2014-02-25 17:00:00,2014-02-26 19:30:00,26.5,LBJ PT,100.0,100.0,Turb.,0,0.0,,0,100.0,100.0,Turb.,1
152,2014-02-27 02:00:00,2014-02-27 12:15:00,10.25,LBJ PT,100.0,100.0,Turb.,1,100.0,Grab Int.,5,100.0,100.0,Turb.,1
153,2014-02-27 16:30:00,2014-02-28 08:45:00,16.25,LBJ PT,100.0,100.0,Turb.,2,100.0,Grab Int.,9,100.0,100.0,Turb.,1
154,2014-03-03 04:30:00,2014-03-03 08:45:00,4.25,LBJ PT,100.0,100.0,Turb.,0,0.0,,0,100.0,100.0,Turb.,0
155,2014-03-06 13:15:00,2014-03-06 18:15:00,5.0,LBJ PT,100.0,0.0,,0,0.0,,0,100.0,100.0,Turb.,0
156,2014-03-06 19:30:00,2014-03-07 12:30:00,17.0,LBJ PT,100.0,0.0,,0,0.0,,0,100.0,100.0,Turb.,0
157,2014-03-13 10:30:00,2014-03-14 00:00:00,13.5,LBJ PT,100.0,0.0,,0,0.0,,0,100.0,100.0,Turb.,0
158,2014-03-14 00:45:00,2014-03-14 13:15:00,12.5,LBJ PT,100.0,0.0,,0,0.0,,0,100.0,100.0,Turb.,0
159,2014-03-14 18:00:00,2014-03-15 00:30:00,6.5,LBJ PT,100.0,0.0,,0,0.0,,0,100.0,100.0,Turb.,0
160,2014-03-23 19:45:00,2014-03-24 02:45:00,7.0,LBJ PT,100.0,0.0,,0,0.0,,0,100.0,100.0,Turb.,0
161,2014-03-24 06:30:00,2014-03-24 12:00:00,5.5,LBJ PT,100.0,0.0,,0,0.0,,0,100.0,100.0,Turb.,0
162,2014-03-28 15:30:00,2014-03-28 22:45:00,7.25,LBJ PT,100.0,0.0,,0,0.0,,0,100.0,100.0,Turb.,0
163,2014-04-01 08:15:00,2014-04-01 14:30:00,6.25,LBJ PT,100.0,0.0,,0,0.0,,0,100.0,100.0,Turb.,0
164,2014-04-01 16:15:00,2014-04-01 23:00:00,6.75,LBJ PT,0.0,0.0,,0,0.0,,0,0.0,100.0,Turb.,0
165,2014-04-06 10:00:00,2014-04-06 23:45:00,13.75,LBJ PT,100.0,0.0,,0,0.0,,0,100.0,100.0,Turb.,0
166,2014-04-08 13:45:00,2014-04-09 00:45:00,11.0,LBJ PT,100.0,0.0,,0,0.0,,0,100.0,100.0,Turb.,0
167,2014-04-09 20:45:00,2014-04-10 11:45:00,15.0,LBJ PT,100.0,0.0,,0,0.0,,0,100.0,100.0,Turb.,0
168,2014-04-11 08:00:00,2014-04-11 18:45:00,10.75,LBJ PT,100.0,0.0,,0,0.0,,0,100.0,100.0,Turb.,0
169,2014-04-16 15:30:00,2014-04-16 18:15:00,2.75,LBJ PT,100.0,0.0,,0,0.0,,0,100.0,100.0,Turb.,0
170,2014-04-17 03:00:00,2014-04-17 13:00:00,10.0,LBJ PT,100.0,0.0,,0,0.0,,0,100.0,100.0,Turb.,0
171,2014-04-17 14:00:00,2014-04-18 03:15:00,13.25,LBJ PT,100.0,0.0,,0,0.0,,0,100.0,100.0,Turb.,0
172,2014-04-18 18:30:00,2014-04-19 04:45:00,10.25,LBJ PT,100.0,0.0,,0,0.0,,0,100.0,100.0,Turb.,0
173,2014-04-19 05:45:00,2014-04-19 21:00:00,15.25,LBJ PT,100.0,0.0,,0,0.0,,0,100.0,100.0,Turb.,0
174,2014-04-19 22:45:00,2014-04-20 15:45:00,17.0,LBJ PT,100.0,0.0,,0,0.0,,0,100.0,100.0,Turb.,0
175,2014-04-25 12:00:00,2014-04-26 04:30:00,16.5,LBJ PT,100.0,100.0,Turb.,0,0.0,,0,100.0,0.0,,0
176,2014-04-26 09:00:00,2014-04-26 21:45:00,12.75,LBJ PT,100.0,100.0,Turb.,0,0.0,,0,100.0,0.0,,0
177,2014-04-27 09:00:00,2014-04-28 02:00:00,17.0,LBJ PT,100.0,100.0,Turb.,0,0.0,,0,100.0,0.0,,0
178,2014-04-28 08:45:00,2014-04-28 15:30:00,6.75,LBJ PT,100.0,100.0,Turb.,0,0.0,,0,100.0,0.0,,0
179,2014-04-28 16:45:00,2014-04-28 19:15:00,2.5,LBJ PT,100.0,100.0,Turb.,0,0.0,,0,100.0,0.0,,0
180,2014-04-28 21:30:00,2014-04-29 13:30:00,16.0,LBJ PT,100.0,100.0,Turb.,0,0.0,,0,100.0,0.0,,0
181,2014-04-29 19:30:00,2014-04-29 22:30:00,3.0,LBJ PT,100.0,0.0,,0,0.0,,0,100.0,0.0,,0
182,2014-04-30 12:00:00,2014-05-01 10:30:00,22.5,LBJ PT,100.0,0.0,,0,0.0,,0,100.0,0.0,,0
183,2014-05-19 03:15:00,2014-05-19 13:15:00,10.0,LBJ PT,100.0,100.0,Turb.,0,0.0,,0,100.0,0.0,,0
184,2014-05-19 13:30:00,2014-05-19 21:00:00,7.5,LBJ PT,100.0,100.0,Turb.,0,0.0,,0,100.0,0.0,,0
185,2014-05-20 01:00:00,2014-05-20 11:30:00,10.5,LBJ PT,100.0,100.0,Turb.,0,0.0,,0,100.0,0.0,,0
186,2014-05-22 07:15:00,2014-05-23 02:30:00,19.25,LBJ PT,100.0,100.0,Turb.,0,0.0,,0,100.0,0.0,,0
187,2014-05-23 08:15:00,2014-05-23 12:45:00,4.5,LBJ PT,100.0,100.0,Turb.,0,0.0,,0,100.0,0.0,,0
188,2014-05-26 07:15:00,2014-05-26 16:45:00,9.5,LBJ PT,100.0,100.0,Turb.,0,0.0,,0,100.0,0.0,,0
189,2014-05-29 12:45:00,2014-05-30 00:15:00,11.5,LBJ PT,100.0,100.0,Turb.,0,0.0,,0,100.0,0.0,,0
190,2014-06-03 18:45:00,2014-06-04 06:30:00,11.75,LBJ PT,100.0,100.0,Turb.,0,0.0,,0,100.0,0.0,,0
191,2014-06-05 19:00:00,2014-06-06 19:45:00,24.75,LBJ PT,100.0,100.0,Turb.,0,0.0,,0,100.0,0.0,,0
192,2014-06-16 05:15:00,2014-06-16 13:30:00,8.25,LBJ PT,100.0,100.0,Turb.,0,0.0,,0,100.0,0.0,,0
193,2014-06-16 19:45:00,2014-06-17 16:15:00,20.5,LBJ PT,100.0,100.0,Turb.,0,0.0,,0,100.0,0.0,,0
194,2014-07-02 22:15:00,2014-07-04 01:30:00,27.25,LBJ PT,100.0,0.0,,0,0.0,,0,100.0,0.0,,0
195,2014-07-05 06:00:00,2014-07-05 19:15:00,13.25,LBJ PT,100.0,100.0,Turb.,0,0.0,,0,100.0,0.0,,0
196,2014-07-06 17:30:00,2014-07-07 04:45:00,11.25,LBJ PT,100.0,100.0,Turb.,0,0.0,,0,100.0,0.0,,0
197,2014-07-09 10:45:00,2014-07-09 15:30:00,4.75,LBJ PT,100.0,0.0,,0,0.0,,0,100.0,0.0,,0
198,2014-07-27 08:00:00,2014-07-27 13:45:00,5.75,LBJ PT,100.0,0.0,,0,0.0,,0,100.0,0.0,,0
199,2014-07-29 06:00:00,2014-07-30 12:00:00,30.0,LBJ PT,100.0,100.0,Turb.,0,0.0,,0,100.0,0.0,,0
200,2014-07-30 18:45:00,2014-07-31 13:15:00,18.5,LBJ PT,100.0,0.0,,0,0.0,,0,100.0,0.0,,0
201,2014-07-31 15:30:00,2014-08-01 19:15:00,27.75,LBJ PT,100.0,0.0,,0,0.0,,0,100.0,0.0,,0
202,2014-08-01 21:15:00,2014-08-01 23:45:00,2.5,LBJ PT,100.0,0.0,,0,0.0,,0,100.0,0.0,,0
203,2014-08-02 13:15:00,2014-08-02 18:15:00,5.0,LBJ PT,100.0,0.0,,0,0.0,,0,100.0,0.0,,0
204,2014-08-02 20:00:00,2014-08-03 12:45:00,16.75,LBJ PT,100.0,0.0,,0,0.0,,0,100.0,0.0,,0
205,2014-08-06 08:15:00,2014-08-06 13:15:00,5.0,LBJ PT,100.0,0.0,,0,0.0,,0,100.0,100.0,Turb.,0
206,2014-08-17 06:00:00,2014-08-17 15:15:00,9.25,LBJ PT,100.0,0.0,,0,0.0,,0,100.0,100.0,Turb.,0
207,2014-08-23 06:30:00,2014-08-23 16:30:00,10.0,LBJ PT,100.0,0.0,,0,0.0,,0,100.0,0.0,,0
208,2014-09-15 03:15:00,2014-09-15 13:30:00,10.25,LBJ PT,100.0,100.0,Turb.,0,0.0,,0,100.0,0.0,,0
209,2014-09-25 01:30:00,2014-09-25 17:15:00,15.75,DAM PT,0.0,100.0,Turb.,0,0.0,,0,100.0,0.0,,0
210,2014-10-14 09:00:00,2014-10-14 18:00:00,9.0,LBJ PT,100.0,100.0,Turb.,0,0.0,,0,100.0,100.0,Turb.,0
211,2014-10-15 12:30:00,2014-10-16 11:15:00,22.75,LBJ PT,100.0,100.0,Turb.,0,0.0,,0,100.0,100.0,Turb.,0
212,2014-11-01 23:00:00,2014-11-02 14:15:00,15.25,LBJ PT,100.0,0.0,,0,100.0,Grab Int.,32,100.0,100.0,Turb.,0
213,2014-11-03 17:00:00,2014-11-04 16:45:00,23.75,LBJ PT,100.0,0.0,,1,100.0,Grab Int.,17,100.0,100.0,Turb.,1
214,2014-11-10 04:00:00,2014-11-10 11:15:00,7.25,LBJ PT,100.0,100.0,Turb.,0,100.0,Turb.,0,100.0,100.0,Turb.,0
215,2014-11-11 09:15:00,2014-11-11 21:15:00,12.0,LBJ PT,100.0,100.0,Turb.,0,100.0,Turb.,0,100.0,100.0,Turb.,0
216,2014-11-12 05:45:00,2014-11-12 16:30:00,10.75,LBJ PT,100.0,100.0,Turb.,0,100.0,Turb.,26,100.0,100.0,Turb.,0
217,2014-11-12 17:00:00,2014-11-13 06:00:00,13.0,LBJ PT,100.0,0.0,,0,100.0,Turb.,18,100.0,100.0,Turb.,0
218,2014-11-15 23:45:00,2014-11-16 17:15:00,17.5,LBJ PT,100.0,100.0,Turb.,0,100.0,Turb.,0,100.0,100.0,Turb.,0
219,2014-11-18 17:30:00,2014-11-19 06:15:00,12.75,LBJ PT,100.0,100.0,Turb.,0,100.0,Turb.,0,100.0,100.0,Turb.,0
220,2014-11-19 13:45:00,2014-11-20 06:00:00,16.25,LBJ PT,100.0,100.0,Turb.,0,100.0,Turb.,0,100.0,100.0,Turb.,0
221,2014-11-22 19:45:00,2014-11-24 00:15:00,28.5,LBJ PT,100.0,100.0,Turb.,0,100.0,Turb.,48,100.0,100.0,Turb.,0
222,2014-11-24 21:30:00,2014-11-25 08:00:00,10.5,LBJ PT,100.0,100.0,Turb.,0,100.0,Turb.,12,100.0,100.0,Turb.,0
223,2014-12-04 15:15:00,2014-12-06 04:30:00,37.25,LBJ PT,100.0,0.0,,0,100.0,Grab Int.,26,100.0,100.0,Turb.,0
224,2014-12-09 09:00:00,2014-12-10 05:15:00,20.25,LBJ PT,100.0,0.0,,2,0.0,,2,100.0,100.0,Turb.,2
225,2014-12-16 09:45:00,2014-12-17 05:30:00,19.75,LBJ PT,100.0,100.0,Turb.,4,100.0,Grab Int.,5,100.0,100.0,Turb.,2
226,2014-12-18 08:45:00,2014-12-18 18:00:00,9.25,LBJ PT,100.0,100.0,Turb.,4,100.0,Turb.,2,100.0,100.0,Turb.,3
227,2014-12-18 23:30:00,2014-12-19 13:00:00,13.5,LBJ PT,100.0,100.0,Turb.,1,100.0,Grab Int.,46,100.0,100.0,Turb.,0
228,2014-12-19 15:00:00,2014-12-20 15:30:00,24.5,LBJ PT,100.0,100.0,Turb.,4,100.0,Turb.,12,100.0,100.0,Turb.,2
229,2014-12-21 00:30:00,2014-12-21 09:15:00,8.75,LBJ PT,100.0,100.0,Turb.,0,100.0,Grab Int.,26,100.0,100.0,Turb.,0
230,2014-12-21 10:00:00,2014-12-22 00:00:00,14.0,LBJ PT,100.0,100.0,Turb.,2,100.0,Turb.,22,100.0,100.0,Turb.,0
231,2014-12-22 00:45:00,2014-12-22 01:45:00,1.0,LBJ PT,100.0,100.0,Turb.,0,100.0,Turb.,0,100.0,100.0,Turb.,0
232,2014-12-22 02:15:00,2014-12-23 16:30:00,38.25,LBJ PT,100.0,0.0,,3,0.0,,26,100.0,100.0,Turb.,2
233,2014-12-26 12:00:00,2014-12-27 03:00:00,15.0,LBJ PT,100.0,100.0,Turb.,1,100.0,Turb.,0,100.0,100.0,Turb.,0
234,2014-12-29 04:15:00,2014-12-29 18:00:00,13.75,LBJ PT,0.0,100.0,Turb.,0,100.0,Turb.,0,100.0,100.0,Turb.,0
235,2015-01-01 05:30:00,2015-01-02 05:45:00,24.25,LBJ PT,100.0,0.0,,2,100.0,Turb.,26,100.0,100.0,Turb.,0
236,2015-01-02 12:15:00,2015-01-03 08:30:00,20.25,LBJ PT,100.0,100.0,Turb.,0,100.0,Turb.,4,100.0,100.0,Turb.,0
237,2015-01-04 18:30:00,2015-01-05 17:45:00,23.25,LBJ PT,100.0,100.0,Turb.,1,100.0,Turb.,2,100.0,100.0,Turb.,0
238,2015-01-05 18:00:00,2015-01-06 09:45:00,15.75,LBJ PT,100.0,100.0,Turb.,2,100.0,Turb.,1,100.0,100.0,Turb.,1
239,2015-01-07 20:00:00,2015-01-08 05:45:00,9.75,LBJ PT,100.0,100.0,Turb.,0,100.0,Turb.,0,100.0,100.0,Turb.,0
240,2015-01-09 10:30:00,2015-01-10 09:00:00,22.5,LBJ PT,0.0,100.0,Turb.,4,0.0,,0,0.0,0.0,,0
241,2015-01-10 09:15:00,2015-01-11 03:00:00,17.75,LBJ PT,100.0,100.0,Turb.,0,0.0,,0,0.0,0.0,,0
242,2015-01-13 18:00:00,2015-01-14 05:00:00,11.0,LBJ PT,100.0,100.0,Turb.,0,0.0,,0,0.0,0.0,,0
243,2015-01-16 16:30:00,2015-01-16 22:00:00,5.5,LBJ PT,100.0,100.0,Turb.,0,0.0,,0,0.0,0.0,,0
244,2015-01-18 00:00:00,2015-01-18 07:45:00,7.75,LBJ PT,100.0,100.0,Turb.,0,0.0,,0,0.0,0.0,,0
245,2015-01-20 09:30:00,2015-01-21 02:15:00,16.75,LBJ PT,100.0,0.0,,0,0.0,,0,0.0,0.0,,0
246,2015-01-21 05:30:00,2015-01-22 09:30:00,28.0,LBJ PT,100.0,0.0,,0,0.0,,0,0.0,0.0,,0
247,2015-01-24 21:30:00,2015-01-25 05:00:00,7.5,LBJ PT,100.0,100.0,Turb.,0,0.0,,0,0.0,0.0,,0
248,2015-01-26 14:45:00,2015-01-26 22:30:00,7.75,LBJ PT,100.0,100.0,Turb.,0,0.0,,0,0.0,0.0,,0
249,2015-01-27 02:15:00,2015-01-27 17:15:00,15.0,LBJ PT,100.0,100.0,Turb.,0,0.0,,0,0.0,0.0,,0
250,2015-01-29 07:15:00,2015-01-29 14:15:00,7.0,LBJ PT,100.0,100.0,Turb.,0,0.0,,0,0.0,0.0,,0
251,2015-01-29 16:00:00,2015-01-30 22:30:00,30.5,LBJ PT,100.0,0.0,,0,0.0,,0,0.0,0.0,,0
252,2015-01-30 23:30:00,2015-01-31 06:45:00,7.25,LBJ PT,100.0,0.0,,0,0.0,,0,0.0,0.0,,0
253,2015-01-31 12:45:00,2015-02-01 18:30:00,29.75,LBJ PT,100.0,0.0,,0,0.0,,0,0.0,0.0,,0
254,2015-02-05 12:30:00,2015-02-05 22:30:00,10.0,LBJ PT,100.0,100.0,Turb.,0,0.0,,0,0.0,0.0,,0
255,2015-02-06 02:15:00,2015-02-06 07:15:00,5.0,LBJ PT,100.0,100.0,Turb.,0,0.0,,0,0.0,0.0,,0
256,2015-02-08 01:45:00,2015-02-08 07:00:00,5.25,LBJ PT,100.0,100.0,Turb.,0,0.0,,0,0.0,0.0,,0
257,2015-02-08 09:30:00,2015-02-09 07:45:00,22.25,LBJ PT,100.0,0.0,,0,0.0,,0,0.0,0.0,,0
258,2015-02-09 22:15:00,2015-02-10 19:15:00,21.0,LBJ PT,100.0,0.0,,0,0.0,,0,0.0,0.0,,0
259,2015-02-11 23:30:00,2015-02-12 11:30:00,12.0,LBJ PT,100.0,100.0,Turb.,0,0.0,,0,0.0,0.0,,0
260,2015-02-12 11:45:00,2015-02-13 08:15:00,20.5,LBJ PT,100.0,100.0,Turb.,0,0.0,,0,0.0,0.0,,0
261,2015-02-16 03:45:00,2015-02-16 15:45:00,12.0,LBJ PT,100.0,0.0,,0,0.0,,0,0.0,0.0,,0
262,2015-02-16 16:30:00,2015-02-16 21:45:00,5.25,LBJ PT,100.0,100.0,Turb.,0,0.0,,0,0.0,0.0,,0
263,2015-02-17 03:00:00,2015-02-17 15:15:00,12.25,LBJ PT,100.0,0.0,,0,0.0,,0,0.0,0.0,,0
264,2015-02-21 15:45:00,2015-02-23 05:15:00,37.5,LBJ PT,100.0,0.0,,0,0.0,,0,0.0,0.0,,0
265,2015-03-02 11:45:00,2015-03-02 18:00:00,6.25,LBJ PT,100.0,100.0,Turb.,0,0.0,,0,0.0,0.0,,0
266,2015-03-06 07:45:00,2015-03-06 16:15:00,8.5,LBJ PT,100.0,100.0,Turb.,0,0.0,,0,0.0,0.0,,0
267,2015-03-09 20:30:00,2015-03-10 06:15:00,9.75,LBJ PT,100.0,0.0,,0,0.0,,0,0.0,0.0,,0
268,2015-03-10 20:15:00,2015-03-11 08:45:00,12.5,LBJ PT,100.0,100.0,Turb.,0,0.0,,0,0.0,0.0,,0
269,2015-03-14 20:00:00,2015-03-15 08:30:00,12.5,LBJ PT,100.0,0.0,,0,0.0,,0,0.0,0.0,,0
270,2015-03-16 22:00:00,2015-03-17 15:00:00,17.0,LBJ PT,100.0,0.0,,0,0.0,,0,0.0,0.0,,0
271,2015-03-20 07:15:00,2015-03-20 13:00:00,5.75,LBJ PT,100.0,100.0,Turb.,0,0.0,,0,0.0,0.0,,0
272,2015-03-22 05:45:00,2015-03-22 10:15:00,4.5,LBJ PT,100.0,0.0,,0,0.0,,0,0.0,0.0,,0
273,2015-03-22 10:30:00,2015-03-23 02:30:00,16.0,LBJ PT,100.0,0.0,,0,0.0,,0,0.0,0.0,,0
274,2015-03-24 00:00:00,2015-03-24 15:30:00,15.5,LBJ PT,100.0,0.0,,0,0.0,,0,0.0,0.0,,0
275,2015-03-25 10:45:00,2015-03-26 06:00:00,19.25,LBJ PT,100.0,0.0,,0,0.0,,0,0.0,0.0,,0
276,2015-03-26 15:45:00,2015-03-27 16:00:00,24.25,LBJ PT,100.0,0.0,,0,0.0,,0,0.0,0.0,,0
277,2015-03-29 17:15:00,2015-03-29 20:00:00,2.75,LBJ PT,100.0,100.0,Turb.,0,0.0,,0,0.0,0.0,,0
278,2015-03-29 23:15:00,2015-03-30 07:30:00,8.25,LBJ PT,100.0,0.0,,0,0.0,,0,0.0,0.0,,0
279,2015-03-30 14:15:00,2015-03-30 15:45:00,1.5,LBJ PT,100.0,100.0,Turb.,0,0.0,,0,0.0,0.0,,0
280,2015-04-01 12:00:00,2015-04-01 23:45:00,11.75,LBJ PT,100.0,0.0,,0,0.0,,0,0.0,0.0,,0
281,2015-04-02 15:15:00,2015-04-03 16:30:00,25.25,LBJ PT,100.0,0.0,,0,0.0,,0,0.0,0.0,,0
282,2015-04-05 01:00:00,2015-04-05 06:00:00,5.0,LBJ PT,100.0,0.0,,0,0.0,,0,0.0,0.0,,0
283,2015-04-07 00:00:00,2015-04-07 06:15:00,6.25,LBJ PT,100.0,0.0,,0,0.0,,0,0.0,0.0,,0
284,2015-04-11 01:45:00,2015-04-11 06:00:00,4.25,LBJ PT,100.0,0.0,,0,0.0,,0,0.0,0.0,,0
285,2015-04-13 16:15:00,2015-04-14 01:00:00,8.75,LBJ PT,100.0,0.0,,0,0.0,,0,0.0,0.0,,0
286,2015-04-14 04:15:00,2015-04-14 14:30:00,10.25,LBJ PT,100.0,0.0,,0,0.0,,0,0.0,0.0,,0
287,2015-04-18 10:45:00,2015-04-19 07:30:00,20.75,LBJ PT,100.0,0.0,,0,0.0,,0,0.0,0.0,,0
288,2015-04-22 05:45:00,2015-04-22 13:00:00,7.25,LBJ PT,100.0,0.0,,0,0.0,,0,0.0,0.0,,0
289,2015-04-22 15:45:00,2015-04-24 02:30:00,34.75,LBJ PT,100.0,0.0,,0,0.0,,0,0.0,0.0,,0
290,2015-04-24 07:30:00,2015-04-24 11:45:00,4.25,LBJ PT,100.0,0.0,,0,0.0,,0,0.0,0.0,,0
291,2015-04-24 12:15:00,2015-04-24 17:15:00,5.0,LBJ PT,100.0,100.0,Turb.,0,0.0,,0,0.0,0.0,,0
292,2015-04-25 17:00:00,2015-04-26 01:45:00,8.75,LBJ PT,100.0,0.0,,0,0.0,,0,0.0,0.0,,0
293,2015-05-01 22:30:00,2015-05-02 06:15:00,7.75,LBJ PT,100.0,0.0,,0,0.0,,0,0.0,0.0,,0
294,2015-05-03 22:30:00,2015-05-04 22:30:00,24.0,LBJ PT,100.0,0.0,,0,0.0,,0,0.0,0.0,,0
295,2015-05-06 12:30:00,2015-05-07 08:45:00,20.25,LBJ PT,100.0,0.0,,0,0.0,,0,0.0,0.0,,0
296,2015-05-07 12:15:00,2015-05-08 06:45:00,18.5,LBJ PT,100.0,0.0,,0,0.0,,0,0.0,0.0,,0
297,2015-05-10 15:45:00,2015-05-10 21:00:00,5.25,LBJ PT,100.0,0.0,,0,0.0,,0,0.0,0.0,,0
298,2015-05-11 21:15:00,2015-05-12 11:00:00,13.75,LBJ PT,100.0,0.0,,0,0.0,,0,0.0,0.0,,0
299,2015-05-13 03:00:00,2015-05-13 08:15:00,5.25,LBJ PT,100.0,0.0,,0,0.0,,0,0.0,0.0,,0
300,2015-05-15 16:00:00,2015-05-16 05:30:00,13.5,LBJ PT,100.0,0.0,,0,0.0,,0,0.0,0.0,,0
301,2015-05-16 23:30:00,2015-05-18 07:45:00,32.25,LBJ PT,100.0,0.0,,0,0.0,,0,0.0,0.0,,0
302,2015-05-20 05:30:00,2015-05-20 12:00:00,6.5,LBJ PT,100.0,0.0,,0,0.0,,0,0.0,0.0,,0
303,2015-05-21 10:45:00,2015-05-21 18:30:00,7.75,LBJ PT,100.0,0.0,,0,0.0,,0,0.0,0.0,,0
304,2015-05-21 22:15:00,2015-05-22 07:00:00,8.75,LBJ PT,100.0,0.0,,0,0.0,,0,0.0,0.0,,0
305,2015-05-22 09:30:00,2015-05-23 04:00:00,18.5,LBJ PT,100.0,0.0,,0,0.0,,0,0.0,0.0,,0
306,2015-05-23 10:15:00,2015-05-23 15:30:00,5.25,LBJ PT,100.0,0.0,,0,0.0,,0,0.0,0.0,,0
307,2015-05-23 18:00:00,2015-05-24 02:45:00,8.75,LBJ PT,100.0,0.0,,0,0.0,,0,0.0,0.0,,0
308,2015-05-24 14:30:00,2015-05-25 05:15:00,14.75,LBJ PT,100.0,0.0,,0,0.0,,0,0.0,0.0,,0
309,2015-05-25 13:15:00,2015-05-26 05:15:00,16.0,LBJ PT,100.0,0.0,,0,0.0,,0,0.0,0.0,,0
310,2015-05-30 12:00:00,2015-05-30 19:30:00,7.5,LBJ PT,100.0,0.0,,0,0.0,,0,0.0,0.0,,0
311,2015-06-01 05:15:00,2015-06-01 14:00:00,8.75,LBJ PT,100.0,0.0,,0,0.0,,0,0.0,0.0,,0
312,2015-06-12 07:45:00,2015-06-13 02:00:00,18.25,LBJ PT,100.0,0.0,,0,0.0,,0,0.0,0.0,,0
313,2015-06-13 03:15:00,2015-06-13 18:45:00,15.5,LBJ PT,100.0,0.0,,0,0.0,,0,0.0,0.0,,0
314,2015-06-13 19:00:00,2015-06-14 07:45:00,12.75,LBJ PT,100.0,0.0,,0,0.0,,0,0.0,0.0,,0
315,2015-06-15 03:30:00,2015-06-16 06:00:00,26.5,LBJ PT,100.0,0.0,,0,0.0,,0,0.0,0.0,,0
316,2015-06-17 08:00:00,2015-06-17 12:00:00,4.0,LBJ PT,100.0,0.0,,0,0.0,,0,0.0,0.0,,0
